Galaxy,Y*,rho0,Rs,a,Y*_error,rho0_error,Rs_error,a_err
NGC5585,0.42906425776195767,6321628.8137254855,5.4800035483612985,1.940468202395454,[0.42875045 0.42939397],[6314045.51346674 6328099.70974366],[5.47793305 5.48182159],[1.93659916 1.9444885 ]
UGC05764,0.00015187250487740854,19209282.830322385,1.7561805781743154,0.38087443794254205,[3.80436459e-05 3.77730927e-04],[19164204.91242935 19254769.65200941],[1.75404095 1.75796303],[0.37974548 0.38187413]
DDO161,0.2847287809643504,1114620.4586036485,9.210134224561317,1.1346808199170324,[0.27795271 0.29121616],[1111668.30991607 1117113.46027194],[9.20131247 9.22055193],[1.12571546 1.14281828]
UGC07125,0.24180968773355124,1434199.1845118457,6.89890995398934,0.8684003214455271,[0.22551205 0.26052164],[1396643.57049197 1470520.41350967],[6.83636242 6.96629032],[0.8499101  0.88707325]
NGC4214,0.8290838439832193,15986863.238096224,3.0353485940058924,2.1611890779651093,[0.8227185  0.83578504],[15751464.28135553 16253350.26126891],[3.01420043 3.06250258],[2.0806742  2.24018837]
UGC05918,0.35071646300870973,3743126.1045585456,3.1537631832281385,0.4605368398601457,[0.23375154 0.46718803],[3238271.62850409 4219958.22988766],[2.96147287 3.36487007],[0.42032977 0.49866658]
NGC0801,0.4788741960264623,0.8533886033511058,437240.34446998284,0.08001144971326041,[0.47864229 0.47906146],[0.77946333 0.98307242],[392326.16534134 465590.17999087],[0.07943885 0.08080943]
UGC02455,0.032967914106309004,7442539.591610276,28443.485447743416,16.627774193831037,[0.03163427 0.03398959],[7234013.85494125 7572525.00544168],[7.32240884e+01 8.98600307e+06],[13.47866425 18.87939949]
UGC03580,0.15134618026676722,71879.42504693208,72.02674491734814,0.08957821630426714,[0.15096686 0.15174325],[71110.54595943 72820.60137698],[71.51228507 72.44886195],[0.0892711  0.08989599]
NGC4010,0.2816153002972774,10177831.37114503,6.422028571066417,5.493875746851542,[0.27835683 0.28524172],[10123057.09409375 10233721.41239572],[6.40802619 6.43665865],[5.39722401 5.60012831]
D631-7,0.22445094325144505,4152134.3963204753,4.903514011829742,3.336304503440682,[0.21751639 0.23088972],[4130595.90970872 4175470.3417454 ],[4.89052812 4.91670285],[3.28259625 3.39782456]
NGC3953,0.5919281545592247,517556.47622850427,90.24739813522382,14.015427734656344,[0.59155651 0.59226293],[484902.37806382 537457.78866134],[ 31.36773911 752.13835248],[ 9.95134535 17.90938027]
NGC0289,0.7791105938245901,612853.178551446,32.44893298961666,3.117602958747258,[0.77852606 0.77964627],[611950.50150739 613576.71948323],[32.41863583 32.47757556],[3.09593131 3.13661756]
NGC1705,0.6225003659558532,16250427.384747487,2.358881154948562,0.14898857140504063,[0.58293746 0.66419602],[14400556.91614684 18223334.47183457],[2.23286941 2.50887183],[0.14075766 0.15753336]
UGC00634,0.9990712215641102,7016.045402151161,92641.84888517251,8.176279347188384,[0.99645993 0.99995436],[3.44649354e-01 1.89754036e+06],[6.93041374e+02 4.16116720e+06],[ 0.53428807 14.44455819]
UGC05716,0.9999797634334899,2266750.3955161544,6.704521317044103,0.7207375139700338,[0.99995437 0.99999396],[2264199.47827148 2268649.96720136],[6.70164003 6.70785227],[0.7196201  0.72149932]
UGC03205,0.7384500220347586,1400754.7151269796,22.603435992657566,2.358432013259476,[0.73834333 0.73856863],[1400033.30725272 1401354.21687324],[22.59816828 22.60826131],[2.3548831  2.36251775]
F574-1,0.002125166439679179,6745843.9288435485,5.678088338126398,0.6228275165072561,[0.00064506 0.00519638],[6697317.35255715 6792859.65751444],[5.66243592 5.69861029],[0.61721451 0.6285938 ]
DDO168,7.443439682862778e-05,15869084.69132591,2.5321541589438072,9.519573541962018,[2.33437408e-05 1.90309145e-04],[15844259.18091864 15894998.43955196],[2.53083572 2.53354436],[9.43579948 9.6100476 ]
PGC51017,0.43375325455443475,1.7677652372152872e-13,5.4447217325303445e-06,8.922372764287413,[0.42998666 0.43720036],[4.77495107e-53 2.08073882e+03],[7.17032367e-29 1.92647604e+05],[ 2.65826001 16.32364784]
NGC4389,0.080422095588539,14716946.026386322,27279.165896062637,9.651123753296028,[0.07873629 0.0822746 ],[14073262.63923511 15424262.86941002],[1.00603007e+02 4.39960000e+06],[ 7.96933604 12.24798171]
UGC06786,0.06114254397960003,13551832.453392897,8.416487659776799,0.0757407301184779,[0.06072585 0.06153929],[13498944.61125997 13602002.82911156],[8.40179706 8.43201859],[0.07565439 0.07582649]
UGC07399,0.001546463166100627,22308219.05161854,3.0668266742496555,0.3580695689411411,[0.00036007 0.00445512],[22119517.43991555 22492726.80718122],[3.05378502 3.08132111],[0.35584985 0.36024598]
UGC07608,0.42354062708926016,5252107.933224697,4.734142764150364,0.7562918146622402,[0.31263623 0.54845184],[4381782.39194793 5858691.22582633],[4.42013615 5.2955544 ],[0.67304856 0.84120135]
UGC00731,0.9954239028279595,3254170.861397289,5.284498982750516,0.41489173236201515,[0.98789757 0.99897744],[3213012.30655543 3292949.83748323],[5.25233895 5.31852697],[0.41075886 0.41862557]
NGC6195,0.6239994006716412,594494.8033045914,650261.4841364693,17.239494092738738,[0.62392621 0.62407309],[587738.01457012 599979.36822595],[1.74033805e+03 2.64674746e+07],[15.63096596 18.64661791]
DDO170,0.9997071921620084,567.2962412131019,613.6307444040298,0.06904544645439213,[0.99917355 0.99992538],[511.83654581 641.59236479],[570.73297755 652.73956592],[0.06822631 0.07008028]
UGC08699,0.6547601070502271,499172.81725645607,34.608955520714936,0.2498208665805416,[0.6540585  0.65563385],[455371.79415857 530570.40686116],[33.40024249 36.59777149],[0.24139824 0.25678235]
NGC3972,0.7813296651739152,3890515.1324729216,1095998.4852765172,6.350839015761991,[0.77978344 0.78268493],[3733821.32678307 4076915.05279553],[4.82764483e+03 3.09434258e+07],[5.64149011 7.5044046 ]
UGC05005,0.5366339178555496,939731.7293761631,15.271765604596338,1.3883588763771693,[0.45852773 0.6013367 ],[897303.02048718 987621.20591757],[14.8355067  15.59771262],[1.22887307 1.5541913 ]
UGC07603,0.06614615437354567,22277784.96988839,1.9977516585773345,0.7523621479481776,[0.04052737 0.09647885],[21771937.10575139 22832625.14084333],[1.97684146 2.01758575],[0.74184649 0.76691817]
UGC07261,0.8091296138607161,44244711.474196516,85675.33507802933,0.01516762678480376,[0.80901355 0.80924008],[44234734.26622389 44253883.14483054],[85660.33697045 85702.54150317],[0.0150663  0.01526436]
NGC5985,7.51585853888495e-06,23892165.089062028,8.529762467324058,0.1738157839424731,[-7.92587601e-05  1.94178250e-05],[23854123.79485707 24013526.70674584],[8.5034218 8.5362042],[0.17290314 0.17407635]
UGC06787,0.1223837719130274,66579743.549064636,4.207093207057979,0.23365711065011208,[0.12219427 0.1225972 ],[66522842.01598623 66632092.44108652],[4.20574081 4.20848771],[0.23360351 0.23371436]
F568-1,0.03773016475367152,12466002.760113746,5.5982549641197545,0.8541783079918718,[0.00980257 0.08634488],[12110090.52100893 12865545.62651829],[5.52249947 5.66136671],[0.82556361 0.88107104]
UGC05986,0.16853369053201755,20857859.553686205,3.9529509220581645,1.3933301378241434,[0.16132394 0.17630034],[20676879.39463894 21023781.46935987],[3.94354615 3.96330945],[1.38929745 1.39772343]
UGC02885,0.7908870359862634,597882.2512655116,54.91841828381211,4.6404101039649746,[0.79042016 0.79132665],[595573.12713307 600206.43555448],[54.83338104 54.98656499],[4.57111973 4.71355873]
NGC2683,0.1715813286057597,45762664.55071566,3.9431901926467,0.3453007355703375,[0.1678161  0.17510883],[44619956.4575215  46864487.15826647],[3.90969878 3.97908854],[0.34266095 0.34798756]
NGC3741,0.9985251136374029,1812619.8416037557,5.962020821558446,0.6344618802006112,[0.99610871 0.99962768],[1770501.29517654 1854560.95411797],[5.88048647 6.04976389],[0.62353362 0.64374903]
NGC7793,0.5198915629385543,17591734.405687273,4.165676434546295,19.853857794308823,[0.51880706 0.52104282],[17479154.42386328 17688973.59047187],[4.15754692 4.17398385],[19.59950533 19.95548367]
NGC3992,0.8420383877118969,722111.2390759964,62049.00085562418,10.612471183506155,[0.84170123 0.84235721],[708346.64561297 738249.48415271],[4.29702716e+01 2.26375944e+07],[ 9.57595202 11.99883681]
UGC11557,0.3642522403512155,1241525.5828311502,66745.8193038427,19.6697873616327,[0.36040025 0.36736865],[1214450.88363087 1273042.70739828],[2.12415145e+02 9.34371249e+06],[18.80345198 19.9085486 ]
NGC2366,0.004159058209054963,7927075.459711245,2.6181687358791907,1.313548982411624,[0.00108416 0.01004411],[7902086.21946245 7950512.35425445],[2.61498125 2.62209293],[1.30405961 1.32353801]
UGC07866,0.9884989965191536,4730605.458137315,89983.99277303615,14.872690947121258,[0.97318477 0.99738181],[4494352.15482574 4896431.44367005],[6.25493073e+01 8.26140489e+06],[10.72704848 18.64717258]
UGC00891,0.5692603613920525,2223925.200042985,6.825328017779924,1.1847735845880956,[0.55204369 0.58475312],[2215137.51570707 2233651.59670466],[6.80806421 6.84159262],[1.17315224 1.1949633 ]
UGCA444,0.44006873792641876,5676.678970439782,246.6200661517842,0.1271700304889038,[0.30975036 0.54360655],[ 3683.39788632 10609.88557342],[156.16536458 336.41824825],[0.12061495 0.1375136 ]
UGCA281,0.6948071692502275,25328556.791173458,0.7536951344087958,1.969012296981717,[0.647819   0.74881838],[24049888.04496957 26764955.14164658],[0.73972504 0.76580082],[1.79253721 2.26056872]
NGC5055,0.30362892642246264,2009410.6109979162,17.367073965907633,0.6859620050993931,[0.30360465 0.30365536],[2009269.74996476 2009530.76905854],[17.36612683 17.36820947],[0.68568533 0.68626174]
UGC07323,0.4911814073240919,6048089.294300888,4.623459821094115,3.544456870710554,[0.48294965 0.50072862],[5936477.80030186 6150642.30386122],[4.58995017 4.65920213],[3.3462926  3.72760931]
NGC4051,0.3223056349277679,15938788.460414393,5.0322763854095545,7.502435599576595,[0.31935636 0.3247164 ],[15801248.03232769 16079867.54728826],[4.99752282 5.06024174],[6.99377087 8.00499771]
UGC01230,0.17597329174835402,5230857.667640905,7.0278603067910055,0.4910338084407916,[0.07201133 0.30239343],[4732045.15844392 5623498.99878882],[6.90221213 7.24525983],[0.47791525 0.50382234]
ESO079-G014,0.9455493453761564,1542187.6848341234,164657.8668149715,9.298073669559747,[0.94520477 0.94590733],[1523900.10081588 1565581.03565439],[9.25289815e+02 1.43941683e+07],[8.80712453 9.97429929]
NGC5907,0.5762269639922288,158725.23803009526,68.64804894727186,0.26204149895839046,[0.5648785 0.5808822],[134818.09072437 190820.55837985],[61.00770562 75.8758724 ],[0.24684836 0.27641456]
UGC05253,0.6761900100641361,2999787.8364566113,20.771760235379006,3.899250397151063,[0.6761723 0.6762052],[2999184.69329443 3000379.20072638],[20.7701976  20.77386087],[3.89692145 3.90216777]
DDO064,0.18890936390115542,26347648.949189506,1.5779283755668907,7.202108744191973,[0.12267967 0.26784557],[25484969.29583341 27083642.8993064 ],[1.56558913 1.59278155],[6.58146511 7.99596431]
NGC6789,0.8442949694365562,59199872.2502127,1524.5249762414248,3.3135620351177093,[0.50178443 0.99907618],[1.08184419e-04 2.55217624e+08],[4.78430028e+00 7.72479788e+06],[0.99709881 5.36666023]
F561-1,0.1986133819109176,3531598.8454999113,3.437314182783565,1.7805848283743049,[0.16305748 0.23617313],[3397539.46206758 3668319.76848023],[3.36891945 3.51548665],[1.47023121 2.09633044]
UGC07151,0.9043799176330443,3066175.1344060726,4.213003192332872,0.9743982691988868,[0.90011664 0.90853592],[2998148.86680983 3139335.27716585],[4.15890518 4.26354695],[0.95341125 0.99636682]
NGC0024,0.9995459055698592,0.48831485684893366,122303.93873002187,0.04257439565299895,[0.99887107 0.9998706 ],[0.38165997 0.60012039],[107236.11723911 143413.12656484],[0.04202605 0.0430581 ]
UGC04278,0.6604379315667757,9438148.682483269,5.320216562589982,19.960495712973636,[0.65454309 0.66622142],[9409279.60146813 9464182.84549617],[5.31358972 5.32548598],[19.89926603 19.98899627]
UGC02916,0.5548291182269228,12034665.46802421,8.459541360172603,9.018881073138898,[0.55480146 0.55485014],[12024197.16875221 12039646.79112993],[8.45784697 8.46063107],[8.97147932 9.03899098]
NGC2841,0.6961177058797563,0.9277764054321457,60621.279357514715,0.019046694783836,[0.69534611 0.69705096],[0.85969268 0.9721955 ],[58992.97234741 63328.0264285 ],[0.01899238 0.01909235]
UGC02487,0.9999113121826264,120457.61824318014,107.89668547687373,0.11817949755099484,[0.99982607 0.99997651],[115611.48286176 129921.9593567 ],[103.60639142 110.32338017],[0.11651388 0.12158136]
F565-V2,0.25223644749130414,2816770.8213121104,7.592865537774767,0.7895230519538531,[0.14924827 0.37309539],[2529134.41164144 3088518.32421207],[7.2306013  8.10136593],[0.71561399 0.87254113]
UGC07690,0.017924966251046223,90890746.97527677,0.9429963205258481,0.6084581138625401,[0.00426663 0.04020233],[86822746.25332168 93380488.60523538],[0.93282786 0.95472524],[0.59454834 0.62191807]
UGC04305,0.000269963764445928,23476142.617484085,1.4593171844518018,10.33843433834999,[8.44821954e-05 6.92721322e-04],[23110106.68576104 23841840.7494792 ],[1.44347602 1.47143034],[ 9.48353106 11.15208392]
UGC04325,0.00024362303799431393,40333414.483713396,2.208225054056836,0.7945899803091173,[6.04081310e-05 8.46442513e-04],[40202117.77785819 40430303.76451186],[2.20586539 2.2114553 ],[0.7909144 0.7985314]
IC4202,0.8156978409764498,1170296.385019285,6721.495799351661,13.857261874713004,[0.81559798 0.81578644],[1154346.04233347 1187305.12363901],[1.87617842e+02 1.66737292e+06],[12.67023128 15.3583093 ]
NGC2403,0.49132239319634297,2056047.0724775142,11.727815426928029,0.2635599712552472,[0.49126758 0.49137269],[2055452.82596696 2056574.20233864],[11.7261621  11.72963117],[0.2634863  0.26362648]
UGC06983,0.836309344357685,3052593.2706719097,8.030880864400876,0.6169785830531367,[0.82142009 0.84840706],[2999062.16786045 3100717.47323251],[7.96718272 8.10984145],[0.59825289 0.63896432]
NGC6503,0.2070696503256763,3790927.441965187,7.893746065324251,0.13065866094628031,[0.20650734 0.20766332],[3782451.71619476 3799390.88106062],[7.88504466 7.90260762],[0.13011537 0.13125744]
UGC07559,0.3337359464026487,8327859.889284217,1.6505039290626635,4.294417275382842,[0.27467605 0.38520605],[7933339.76502902 8754677.51502031],[1.62314582 1.68253813],[3.6569772  5.06575687]
NGC3949,0.3854339675387169,8442974.216292644,4729.467970855594,4.645932509505658,[0.38463645 0.386092  ],[7643406.17307776 9144620.99982819],[1.42320672e+02 5.97011063e+05],[3.7671784  5.60540062]
NGC6946,0.4360565698358747,2214163.5019255006,13.186755008548316,0.9985232974255693,[0.43591781 0.43615615],[2209081.32653097 2219728.56723342],[13.16519833 13.20739151],[0.99457519 1.00172996]
NGC1003,0.6680294872058925,1430.7175713965164,780.726526988721,0.10077577201163182,[0.66713349 0.66888506],[1346.62359471 1550.21396293],[743.38674542 810.06144088],[0.09981917 0.10194345]
NGC0055,0.197826883360391,2758684.4916092353,7.601554533511792,1.4079399198258762,[0.1920923  0.20267416],[2748791.70281123 2768081.96565064],[7.58841244 7.61651237],[1.38626462 1.42617269]
NGC4138,0.39933632140958497,30199523.964000657,5.526761488412004,12.455260301957452,[0.39520704 0.40313609],[29547054.23227295 30744742.54810543],[5.46746314 5.57954823],[10.53215016 14.34715307]
F583-1,0.004279643349326755,4556347.038664637,6.181239247448482,1.1521266936308323,[0.00110596 0.0092451 ],[4529700.15269219 4580582.22693926],[6.16431788 6.19942616],[1.14276401 1.1621339 ]
UGC00191,0.9999865465363905,38763.63555263583,77.46132637728843,0.1483027654441942,[0.99994984 1.00010486],[37658.00613735 39580.53427934],[76.45407418 78.85694829],[0.14752962 0.14894299]
UGC07524,0.6779494257807519,4064599.3317702026,5.1473069720953974,1.2797503029609651,[0.65920581 0.70030512],[4035656.26054347 4093346.71828656],[5.13842206 5.15423949],[1.26049459 1.30131334]
UGC04499,0.0009301115022827722,5298547.746083329,4.449375437954064,0.5266010090315559,[0.00024995 0.00259923],[5242621.28744309 5349354.13486606],[4.42967114 4.47197921],[0.5203226  0.53256901]
ESO563-G021,0.8964095885505348,1444338.3969438563,1053139.2315878703,13.192036155950555,[0.89630313 0.89651477],[1418217.53883443 1464336.49970911],[9.05110917e+02 2.96887411e+07],[11.72746621 14.41232499]
NGC7331,0.26745404401594963,41684.1902911363,192.11899067764435,0.11328858159417021,[0.26697588 0.26817502],[35839.61962282 45677.97351413],[181.77411448 210.59449784],[0.11110014 0.11523455]
UGC12632,0.3162832679571096,3634075.3836342897,5.086665000838833,0.5057094516229479,[0.25028117 0.37453402],[3480996.02682021 3806269.10473742],[5.01593313 5.15946746],[0.49781073 0.51177617]
NGC5033,0.5169950705109931,3507182.6000548555,14.996938560964294,1.0802389111003787,[0.51656522 0.51750765],[3502715.96213728 3511328.67107915],[14.98903325 15.0054569 ],[1.07837066 1.08202531]
NGC0300,0.6985188466793311,1466901.8762395685,12.143916133659609,0.5512835927073476,[0.68342494 0.71209144],[1434139.27218973 1504603.22169998],[11.97207629 12.307373  ],[0.53150606 0.56766276]
UGC03546,0.541530944010854,3337933.612028343,13.155747483233077,3.0722069695858343,[0.54134236 0.54171344],[3336207.48489943 3339621.76393741],[13.15279829 13.15858631],[3.06645979 3.07744004]
UGCA442,0.9956266146922683,5163118.297562383,3.8817268196249812,1.6417100501162167,[0.98760706 0.99871772],[5138807.88714243 5187966.04943646],[3.87606528 3.88684902],[1.62475574 1.65944351]
UGC06399,0.02479809055350666,8775461.585592387,4.479172400004946,0.987118771165342,[0.0068369 0.059656 ],[8539487.88664057 8959932.64526209],[4.44315367 4.51479026],[0.96412682 1.01367378]
IC2574,0.6408072657665846,1870241.7967749876,8011.666952895233,16.38975462538591,[0.64046087 0.64115461],[1860098.74026555 1881621.15318014],[9.72950406e+00 2.34654215e+06],[15.68387604 17.16299003]
F571-8,0.08343941344927118,6620210.549196243,8.780758305540393,0.8838856134475648,[0.08225488 0.08460172],[6584456.00633288 6653368.49015539],[8.7589955  8.80204912],[0.87631938 0.89230784]
UGC02023,0.2064583940848932,8555092.942991044,69489.2220831947,11.624210059616537,[0.15993579 0.25557482],[7522298.47682715 9228988.96023958],[6.32637478e+01 1.49797508e+07],[ 6.70314242 16.49933513]
UGC11820,0.998763805582917,407.03765879766786,1614.9034572288608,0.09478860060380417,[0.99821169 0.99934646],[366.91466223 446.01187179],[1524.0040531  1725.50168573],[0.09360085 0.09584739]
NGC5371,0.46167928415727455,273951.1920562499,40795.93502270383,4.438459504916222,[0.46164023 0.46171965],[266084.58338519 280056.94974922],[   3631.01829628 1540437.16183699],[4.16832203 4.65795475]
UGC08490,0.7040521500189199,7469546.047344707,3.901565745429799,0.3525519081410575,[0.68843702 0.7213868 ],[7322472.75736815 7604486.91922745],[3.8682466  3.94094689],[0.3450507  0.36037135]
NGC4183,0.6428315793272086,8582.088193424483,175.0067369317667,0.06302891622269056,[0.63547195 0.65005107],[ 5487.22600036 13629.34425901],[135.540298   225.93289697],[0.05933768 0.06684261]
NGC4013,0.4850081610628766,544631.0765956675,38.78991550168965,0.7183098232852856,[0.4842207  0.48603641],[534091.8006451 568452.3242936],[37.80222928 39.28143556],[0.70371184 0.74859735]
UGC06923,0.1725909315524836,16768219.302035747,2.9892097871562173,2.24050696551466,[0.15163715 0.19041575],[16359882.33155871 17204819.0958532 ],[2.96487517 3.01164558],[2.14072071 2.33852171]
F571-V1,0.9998101657245366,1726484.7910483126,40097.941378122894,14.350168668830825,[0.99938107 0.99996144],[1683704.5244448  1763025.20880808],[1.54183202e+01 1.37971217e+07],[12.33405293 16.5627383 ]
F568-3,0.0009347678374589653,9004862.03904498,5.931143073302759,2.6880000483768125,[0.00025563 0.0024385 ],[8911858.05831596 9104153.3801438 ],[5.912185   5.95000801],[2.63900842 2.73687596]
UGC07232,0.9011742453355532,55488476.55475256,188.7112021568516,18.10983870608402,[0.67628051 0.99977936],[9.84791013e-04 7.97656434e+07],[1.81462100e-01 6.62820373e+04],[16.50450511 19.34839235]
NGC4100,0.08553511662727005,31085443.504483957,5.1056375101269085,0.7421741233291645,[0.08383704 0.08716726],[30940738.11058647 31232946.69561651],[5.09929067 5.11180724],[0.73953821 0.74461356]
NGC6015,0.7675975237239361,2220888.324088929,19.184705971396717,16.769912905055683,[0.76756608 0.76762479],[2217556.84801638 2224121.9338811 ],[19.17307369 19.19855387],[16.55223179 16.99117644]
UGC08286,0.0002817648352205848,13218242.69332507,3.2435002493749083,0.3152648012989875,[7.82307865e-05 6.83981545e-04],[13176433.26071435 13249577.76407678],[3.23961483 3.24810247],[0.31423114 0.31639881]
NGC2955,0.565016419475318,706554.1165711855,38.241639865131035,8.897890414074086,[0.56485086 0.56514376],[670320.43220138 762692.26120736],[3.07230600e+01 1.08175046e+05],[ 7.30245635 11.78189406]
F563-V1,0.20840781347708204,1810786.6546630587,3.087610548365512,6.423763254557176,[0.12678475 0.27663039],[1602835.67703733 2017455.93987563],[2.94366368 3.23040517],[4.38076581 9.83775296]
NGC6674,0.990330550226287,0.8508968660823601,2548463.474423808,0.10033305213373882,[0.99010527 0.99053023],[0.81386055 0.89074148],[2455841.35672439 2646962.18226202],[0.09997306 0.10068951]
CamB,0.0001961117095092058,4417090.970629061,6863.064442951474,7.867044495666981,[4.82498726e-05 5.24572457e-04],[4204902.87258025 4640767.83342041],[5.14087378e+01 2.12768378e+06],[6.54013175 9.77083169]
UGC06930,0.017737623120669694,5587110.251317595,6.3445601305709785,0.35415811098299266,[0.00547813 0.04192219],[5372984.54989529 5717775.92019694],[6.27916234 6.42602049],[0.34655771 0.36270275]
NGC4217,0.14521685698166667,19650268.53331999,6.149876545877236,0.9581313445255195,[0.14326173 0.14718636],[19482601.92498761 19827035.77816381],[6.12615145 6.17406135],[0.9483499  0.96888234]
D512-2,0.9992811312230421,23.283873203921676,61079.015309287286,6.7520489453082435,[0.93723388 0.99989934],[7.86054353e-06 2.39158463e+06],[7.99110182e+01 4.88895866e+06],[ 2.20357651 15.22820153]
UGC02953,0.6095666626269832,2776989.1500592963,21.916392173178807,2.5398661552512105,[0.6095597  0.60957803],[2776858.62820459 2777258.02468949],[21.91589192 21.91677463],[2.53934842 2.54102049]
UGC05721,0.002669257463606618,59419363.36953522,1.5572048362827025,0.44048152397827645,[0.00059643 0.0073136 ],[59015717.1804398  59741311.80867483],[1.55343292 1.56215142],[0.43641403 0.44437993]
UGC06818,0.3815322993033964,5391755.317360755,19343.58091283966,15.476948616390029,[0.37462218 0.38804166],[5198749.0920688  5510100.75881881],[6.54187430e+00 7.85134873e+06],[12.11546107 18.53683078]
ESO444-G084,0.14508289949014422,3379913.910779333,5.828431012947798,0.305256798623322,[0.06869253 0.22871967],[3265424.01449803 3498348.56861851],[5.71011329 5.95661997],[0.2994085  0.31092106]
UGC05999,0.0016738326176370185,3223655.3891143687,8.297944218926599,1.395066122105621,[0.00045169 0.00477454],[3190486.45598727 3251578.46615826],[8.27002402 8.3273783 ],[1.37014505 1.42000696]
UGC07089,0.2004739768137317,870663.8909680336,13.650046021223464,0.48533962298525923,[0.1583374  0.25380428],[ 714154.08107324 1044154.40295372],[12.19423962 15.5725803 ],[0.45904034 0.51543813]
NGC4559,0.48537350591519124,2161915.065252223,11.769007804179465,3.313572329831686,[0.48442198 0.48634292],[2157731.33482908 2166530.79443109],[11.75104744 11.78422868],[3.27658241 3.34759213]
NGC3521,0.42143337392373037,5696355.81676391,12.441884548351252,4.070746763993362,[0.42128566 0.4215919 ],[5670392.25741505 5727670.11787719],[12.40583262 12.47721486],[4.00699542 4.14278612]
NGC2976,0.5215308007948156,23737668.021957025,11391.781641011201,10.688603097995514,[0.51970868 0.52309369],[22965570.00802517 24508792.2936579 ],[4.70505617e+01 5.77058098e+06],[ 9.05647342 12.65829108]
NGC3726,0.502645401845969,1083633.7475989044,2847.9099280277233,14.46140673629641,[0.50235127 0.50289931],[1065392.40862872 1106777.72292195],[2.86304556e+01 4.68747041e+06],[12.86184623 17.03101095]
NGC5005,0.4613320418429987,7727891.403645792,7798.03537493773,14.014086124707037,[0.46089909 0.46183788],[7443097.02902074 7969858.71034042],[1.03027800e+02 2.97097826e+06],[10.84316755 17.95180938]
UGC06446,0.9909781483791844,2343874.4196829884,7.191049107943561,0.2939595863688661,[0.97626497 0.99772387],[2193710.95103779 2503567.79773341],[6.93952195 7.44648648],[0.28315323 0.30419048]
NGC4088,0.323532820456074,1781142.2512552806,4572.603241431351,11.803190693271889,[0.32311261 0.3238388 ],[1729003.66361775 1826974.50728052],[2.22685339e+01 5.65363685e+06],[10.02237421 13.66454308]
NGC4157,0.40626571486574525,1307826.0663832359,23.24576165919185,1.9189376153779838,[0.4055795  0.40700002],[1279809.11369605 1336852.94093647],[22.94486636 23.56528119],[1.84762765 1.9983504 ]
UGC12506,0.000633824834540376,13287811.838293005,9.920039884629759,0.35355590930402275,[0.00016017 0.00161151],[13235572.023734   13348614.52968332],[9.89593309 9.94255699],[0.35129443 0.35593361]
UGC00128,0.26241389083091504,1359463.9688160704,15.247804087643384,0.30764712095949315,[0.26133726 0.26348077],[1357532.43448465 1361249.02630754],[15.23938596 15.25671462],[0.30750015 0.30782179]
UGC08837,0.12749679834715003,6375873.4986454155,3.4351522550855793,18.166505045662113,[0.11834571 0.13728037],[6309485.46396388 6450027.52324979],[3.41662463 3.45118502],[16.72686261 19.39260796]
UGC01281,0.06152664442929398,9554293.394208543,2.9573301699994463,2.2597883805101198,[0.02257708 0.12988856],[9401276.27346889 9714022.86198585],[2.93944663 2.97498004],[2.1895791 2.3621818]
UGC05829,0.4612940181952493,0.8861797386206387,131252.78687217485,0.061370552120475486,[0.35060872 0.56750628],[0.33343575 2.73535886],[ 58407.54210241 276806.52496851],[0.05845181 0.06547549]
NGC0891,0.21654389935159904,16583909.48400233,7.15003993291256,1.1771449870704935,[0.21613762 0.2169128 ],[16550084.76932171 16630606.20735017],[7.14178072 7.15676675],[1.17266706 1.18219587]
NGC3769,0.001368317703864572,14529440.475520028,4.468019805853245,0.21275198955803035,[0.00024315 0.0029417 ],[14311071.72313257 14721264.08955912],[4.43791457 4.49956088],[0.20961166 0.2160919 ]
UGC08550,0.9991597039545411,4209522.467399724,3.903886791951721,0.6678764455797943,[0.99780482 0.99977425],[4136103.16388099 4270650.23798423],[3.87324573 3.94065078],[0.65709049 0.67667277]
ESO116-G012,0.4734829236509214,9088270.480545605,5.2689294416590045,1.31986595187601,[0.46895556 0.47807637],[9049610.71693081 9126432.93254856],[5.25942634 5.27888222],[1.30926548 1.3307232 ]
F568-V1,0.20628519178271892,12061300.896155741,5.067167486579511,0.6737998688992258,[0.09298228 0.3026292 ],[11500664.78740334 12592210.83395515],[5.00124887 5.13983518],[0.65451299 0.69043187]
UGC06614,0.6328860930808444,811771.8433592289,35.76239242149146,2.7984632391160575,[0.6307406  0.63504224],[806840.68207061 817042.32751809],[35.610651   35.95362598],[2.70486713 2.900239  ]
UGC11914,0.6443587790815155,11571592.214283183,60197.22645635217,15.623662759314975,[0.64433116 0.64438351],[11517657.56252906 11631287.17418766],[1.61724451e+03 2.71007091e+06],[15.04350796 16.2680128 ]
UGC11455,0.09983413699941279,85889772.92945825,16601367.65001591,0.01093104864778979,[0.09974421 0.0999643 ],[85870047.90145695 85906545.86237147],[16597343.69257473 16604889.95974558],[0.01084038 0.0110342 ]
F563-1,0.4607809603836976,3039650.729769699,8.988726577563725,0.4383361728773566,[0.34766577 0.55967742],[2868110.97078348 3198059.04611584],[8.78563934 9.22536333],[0.42624632 0.45358987]
NGC3198,0.08564976797835142,6.22688156970444,5551573.557127313,0.01434421029319178,[0.08555415 0.08573598],[6.22528511 6.22804053],[5550256.75794712 5552893.88632288],[0.01423447 0.01443032]
UGC05414,0.27359850922872775,2722859.0275660544,6.09909989781846,0.6337007561981132,[0.24072436 0.31604586],[2513192.7474898  2908604.31140622],[5.85731192 6.43714954],[0.59654795 0.6756239 ]
DDO154,0.0639774151476265,3949648.964809801,3.6420570999804838,0.8866833037426737,[0.05959693 0.06769066],[3946072.71598582 3953177.64816437],[3.64040551 3.64361529],[0.88446203 0.88850636]
UGC06667,0.3614503610108363,8472012.30516728,4.408977755288937,0.9802312300284428,[0.26871642 0.4695301 ],[8412158.84483241 8532857.87831802],[4.38434476 4.43476489],[0.96879822 0.99278036]
NGC3917,0.35940287405109395,14.883041800429051,4662.654782297111,0.01460111792015618,[0.35928501 0.35950623],[14.87998561 14.8871963 ],[4661.82481045 4663.67361961],[0.01448277 0.014696  ]
UGC04483,0.2886782199954223,17039467.607280675,0.7688760802110695,0.7030059042623781,[0.21038007 0.35989857],[15978242.02125892 18213386.49047484],[0.74693553 0.79267452],[0.65970726 0.75527907]
UGC09133,0.4767846677984338,192643.38913912178,64.00344250966745,0.08771108872148214,[0.47617505 0.47840193],[191326.80606974 195434.07563132],[63.53844172 64.22710425],[0.08693063 0.08946183]
NGC7814,0.34991910433844386,1864097.3898937944,19.622729314554622,0.03315006285868151,[0.3452621  0.35406835],[1618316.46083409 2234213.53763492],[17.90380317 21.08957312],[0.03198766 0.03447521]
UGC02259,0.5512956730902339,638605.4423610609,14.34563165829275,0.06316239443119998,[0.54319522 0.55866874],[553487.56017459 739552.34932872],[13.28987974 15.47391686],[0.0611038  0.06534663]
F579-V1,0.042083185002733205,12547704.206783028,4.489946663166133,0.23814410678485637,[0.01549754 0.0800125 ],[12058209.59963722 13024233.03771727],[4.40894876 4.57791245],[0.2309319  0.24504607]
NGC1090,0.550141006270128,1095354.6434952808,20.320323847363497,3.0094267551367313,[0.54866609 0.55120405],[1093735.92545497 1096855.37211909],[20.29421522 20.34090962],[2.94613982 3.05575974]
NGC2903,0.2458639513247859,10807742.233833171,7.4409318545786505,0.36211525799585764,[0.24553357 0.24626661],[10775769.93129815 10830505.27223921],[7.43314084 7.45164701],[0.36075794 0.36357587]
F583-4,0.9942531682710889,1.0944693631270614,965573.3180800076,0.09273211303595048,[0.97890484 0.99844129],[0.63461242 2.47692522],[ 485413.77095111 1758652.60961225],[0.08781593 0.09766469]
NGC0100,0.8984074888771529,3750696.175225505,174.11719178546426,17.850348989514398,[0.89417816 0.90049204],[3703269.81139102 3786740.89024014],[8.06971807e+00 2.09517813e+06],[15.4437261  19.17532036]
NGC3109,0.0011480279564556252,3439635.0085551227,6.051360925880124,1.0140257015569025,[0.00029807 0.0029883 ],[3401598.36621852 3476548.41193058],[6.00622907 6.09744167],[1.00527349 1.02199189]
F567-2,0.6548225885620088,3629941.203474207,4.199802294994094,17.235858838974437,[0.58547696 0.72747361],[3207211.07414862 3984856.66864033],[4.13700994 4.25873855],[13.8096412  19.25127791]
UGC10310,0.6349186623274409,6680372.566298711,3.4575986599410866,0.8368192121841298,[0.54178572 0.72332791],[5979216.07888112 7450888.03681827],[3.37202668 3.55227667],[0.80123056 0.86960125]
F574-2,0.43063281736065595,5.740176212072124,7.319630703410264e-15,7.035304465776402,[0.39862205 0.45470379],[7.42650595e-23 1.06428843e+05],[7.7970141e-58 4.1855817e+02],[ 2.0593946  15.82057563]
D564-8,0.26778240214291243,2797090.4900172283,2.349319993251182,1.2988800680535113,[0.19264506 0.34005879],[2650079.0056591  2934663.70562495],[2.28576956 2.41870164],[1.18400731 1.39512797]
F563-V2,0.5654233465437668,22950721.963537645,3.733328671775543,1.3854029773749845,[0.44443179 0.70248491],[21895215.78188462 23870851.00574559],[3.69802411 3.77093308],[1.34310951 1.4245295 ]
NGC2998,0.5707767817710717,1080559.0700634385,25.06593253521763,1.613201737372162,[0.57006867 0.5715095 ],[1078660.86770347 1082602.48226462],[25.04170986 25.08478236],[1.60632321 1.62106673]
UGC06917,0.0011468909513065962,9574805.029635683,5.055904912050773,0.5978384405335896,[0.00023451 0.00348126],[9501259.1707116  9654991.68264578],[5.03484345 5.07408782],[0.59303624 0.6033385 ]
NGC0247,0.4788167819708531,876431.1620750822,14.055276333399215,0.27931155616189385,[0.4687775 0.4910351],[847433.08878788 900877.72353745],[13.88566905 14.26740327],[0.27715923 0.28118265]
NGC3893,0.2689245528649355,14085255.846976537,6.2364029815085775,0.5564818440396238,[0.26622721 0.2710489 ],[13867136.3285007  14330097.81144496],[6.18959323 6.28073983],[0.54786541 0.56390218]
UGC12732,0.9994845607454761,5175.662363571552,306.51922473138586,0.1074457389747962,[0.99855482 0.99988338],[4429.0024906  5974.76631704],[280.20960011 336.88135755],[0.10490267 0.10986325]
UGC09037,3.097303858729611e-05,3353018.4448932447,11.913205829181448,0.40132605846072966,[6.40681839e-06 8.36177501e-05],[3324038.54167112 3379605.0235765 ],[11.86648457 11.96453934],[0.39842638 0.403846  ]
UGC09992,0.5542259108537246,4501280.855553348,1.405848092596866,0.04325834464189015,[0.43912876 0.66902066],[  514683.66317997 12834751.68054539],[0.8249696  4.23888004],[0.02496084 0.09047765]
NGC4068,0.6942551040248256,118.67511585178168,159.44553725438243,0.013742518491341723,[0.69415279 0.69436541],[118.64266173 118.70469878],[159.40555443 159.47685439],[0.01365205 0.01383496]
UGC06973,0.06405235794416078,699256.1556966271,30.390572377288272,0.046392843287927844,[0.06291336 0.06562535],[475525.98257331 974138.8856454 ],[25.40420084 37.48292863],[0.04381403 0.0490716 ]
UGC05750,0.20654184808450968,1732506.2429807861,9.25535591525858,1.381326104094644,[0.13337624 0.2810689 ],[1604611.77122785 1826233.1764806 ],[9.11259017 9.46419465],[1.30683994 1.4394402 ]
KK98-251,0.9854123503328782,4032.486290325969,809.8389765315956,0.19881990704960725,[0.96544626 0.99550188],[2932.24649169 5669.44382647],[ 577.21263144 1095.66978776],[0.19127091 0.20756371]
UGC06628,0.12184742524350245,10569709.293128869,1.8415315516672255,1.563472590555962,[0.07055011 0.1693752 ],[ 9597592.15802065 11709330.8354742 ],[1.73096223 1.94262568],[1.23715941 2.06138252]
NGC3877,0.4013517945248998,40634118.79671225,3.5973406812601874,18.928131101198836,[0.40086739 0.40179114],[40342825.98268011 40906243.96314377],[3.58566767 3.60762692],[18.01102917 19.70010294]
UGC07577,0.1482465599162506,3131041.283910025,23826.639314796983,14.906245177054778,[0.10466393 0.19224161],[2825357.02189862 3381887.29613385],[3.02507401e+01 2.71653663e+06],[ 9.40207723 18.65484388]
NGC4085,0.000145830697981235,46503004.732932486,3.1974111082410688,1.4991388116015067,[3.89215324e-05 3.60432498e-04],[46312178.75422195 46719675.07624085],[3.19211263 3.20419835],[1.48354743 1.51671797]
NGC2915,0.0015392072657082986,10757359.357302435,3.6110043298189916,0.22742357354523987,[0.00036685 0.00397184],[10484733.04387097 11094416.12581185],[3.56017473 3.65665538],[0.22047627 0.23441592]
